{"cameraMode":{"drawMode":0,"name":"Shaded","section":"Shading Mode"},"sceneLighting":true,"audioPlay":false,"sceneViewState":{"showFog":true,"showMaterialUpdate":true,"showSkybox":true,"showFlares":true,"showImageEffects":true,"showParticleSystems":true},"in2DMode":false,"pivot":{"x":-0.20649424195289613,"y":2.2235131069692217e-8,"z":-0.9237869381904602},"rotation":{"x":0.44653910398483279,"y":0.004026331938803196,"z":-0.0020094229839742185,"w":0.8947535753250122},"size":6.9312286376953129,"orthographic":false}